year,month,monthly_units,monthly_revenue
2009,12,426981,825685.7599999999
2010,1,391523,652708.5
2010,2,382776,553713.3
2010,3,527398,811663.1300000001
2010,4,368196,681528.9900000001
2010,5,397206,659858.8600000001
2010,6,408635,727159.0499999999
2010,7,338920,650712.94
2010,8,473420,697274.9099999999
2010,9,585354,903395.41
2010,10,622094,1155015.11
2010,11,728447,1470272.48
2010,12,180958,425311.32
